teacher_id,first_name,last_name,birthdate
1,Nadia,LEHUE,1970-12-06
2,Odette,BENTIL,1983-06-10
3,Rolande,ZERLAUDT,1962-01-31
4,Olivier,VIDNAR,1959-11-15
5,Timothée,BARRASS,1959-09-19
6,Brice,BOUKRY,1976-04-11
7,Esther,VANSOY,1979-05-08
8,Laurentine,EL RHABBARI,1976-10-20
9,Léonce,ASGHAR BHATTI,1975-09-25
10,Philibert,RAMBAT,1967-03-21
11,Gérard,NARIMANOV,1976-07-22
12,Noella,GUZMAN MAES,1980-04-13
13,Nicolas,DOMIKIAN,1958-09-17
14,Chanté,FASSY,1983-09-21
15,Colombain,KLASSAN,1965-02-10
16,Odilon,CAZEMAYOR,1984-12-24
17,Emmanuel,DELLATERRA,1962-07-06
18,Aurélie,SOLARCZYCK,1958-03-09
19,Marine,METTE,1978-01-25
20,Narcisse,TIARD,1976-08-20
21,Eloi,CORTEY,1958-04-11
22,Nadine,SEREMPIOUQUE,1978-02-13
23,Marc,GUY MARCELLINE,1974-09-02
24,Liane,AJERMOUNE,1969-09-10
25,Ninon,HIADI,1974-05-10
26,Angèle,GOEL,1977-08-10
27,Maximilien,SANTOS VICENTE,1978-10-02
28,Gilles,HAYNAOU DHOIFFIR,1970-09-17
29,Josèphe,MONEY,1968-11-13
30,Dimitri,MOULOUBOU,1958-06-26
31,Muriel,LETANDRINE,1961-08-13
32,Nicolette,CHALEAT,1966-12-16
33,Cerise,BOUKIMI,1980-12-28
34,Fabrice,CHOJECKI,1970-02-11
35,Lisette,MEJJATI,1963-04-23
36,Elisabeth,KRICKA,1978-08-21
37,Bertrand,DESAFIS,1961-05-18
38,Christianne,SHUTTER,1978-02-22
39,Placide,MACABRAU,1982-07-15
40,Hercule,TOYANE,1974-01-09
41,Benjamine,DE JOINVILLE,1973-12-15
42,Fiacre,LAOUADI,1973-10-15
43,Gratien,GOUELIAN,1961-07-24
44,Annette,DELCHAMBRE,1980-08-07
45,Toussaint,VICTO,1983-01-04
46,Rosine,FOUKI,1960-10-25
47,Lydie,DILANDRO,1980-06-25
48,Éliane,MAPCHE TAGNE,1967-09-05
49,Marguerite,DJELLIL,1978-09-28
50,Rémy,DEUNER OGKLOU,1976-11-28
51,Vivienne,DOMENECHVALMANA,1967-10-15
52,Marc,QUARDADO,1983-06-01
53,Marianne,ELASRI,1964-08-31
54,Gustave,BELUQUE,1971-07-12
55,Yseult,ATAYEB,1981-11-28
56,Théophile,COGE,1964-02-28
57,Sabine,BAREMON,1966-07-02
58,Claudette,LEQUEAU,1980-07-05
59,Raymond,COMPASSI,1967-07-31
60,Jeannine,MUYARD DE MARTIGNAT,1973-02-12
61,Carine,LE BEAUDOUR,1972-03-16
62,Roselle,DOUHA,1959-08-02
63,Gérald,SOMON,1975-04-30
64,Claudine,CASSEDANE,1960-07-06
65,Faustine,DA FONSECA SANCHES TAVARES,1976-01-15
66,Raphaël,JANCI,1959-08-28
67,Toussaint,GINOIS,1984-12-23
68,Louise,DUGINI,1964-04-24
69,Frédérique,SOHIEZ,1969-01-20
70,Yseult,MOROLLI,1959-02-24
71,Ghislaine,ARIECH,1982-07-30
72,Roger,ORDIERA,1972-01-17
73,Sylvaine,LABACA,1964-09-17
74,Alfred,LANOUILH BOUILLET,1970-12-02
75,Lisette,RABEVOLO,1980-07-07
76,Arnaud,ROY VIDAL,1973-09-28
77,Edgar,COLMAY,1959-04-19
78,Emeline,MEHEUT FERRON,1977-08-24
79,Sylvain,RAMIHARIVOLA,1982-01-31
80,Modeste,ORRICO,1966-05-20
81,Dennis,HATSTATT,1984-10-12
82,Placide,GENOUARDO,1964-01-13
83,Noelle,EL MADIOUNI,1975-11-09
84,Berthe,GROUGY,1978-12-13
85,Stéphanie,AITELHADJ,1980-06-19
86,Marie,CROVA,1961-09-24
87,Jacinthe,MAZZASCHI,1974-05-19
88,Maxime,DE OLIVEIRA MOREI,1976-04-16
89,Baptiste,DIETSH,1981-11-13
90,Jolie,MOANTSONG,1978-03-18
91,Pierre,DOS SANTOS NOBRE VITORINO,1971-05-21
92,Maximilienne,RIVERA BECERRA,1959-04-18
93,Aurelien,ASSAS ZAHRI,1972-10-07
94,Horace,BOUNHAK,1976-12-08
95,Agnès,SABETE,1960-04-27
96,Vienne,SCHELFHOUT,1975-04-23
97,Roxanne,MOUJDINE,1960-12-10
98,Valérie,LAALEM,1975-07-29
99,Benoite,MOUNEYRAT,1958-01-09
100,Ulrich,EL ABED BRAHAM,1983-10-11
101,Frédéric,LATRILLE,1984-02-16
102,Rose,GODELUCK,1979-03-25
103,Jacques,LE START,1960-06-27
104,Victorine,KUENNEMANN,1978-03-09
105,Alphonse,FANOUILLAIRE,1964-07-02
106,Delphine,LAUTERMANN,1975-03-04
107,Yvette,SALDANHA SCOLLO,1972-07-02
108,Laurent,PUZYREVA,1963-07-15
109,Thierry,TOSOUNI,1970-08-24
110,Florette,BALDONI,1966-09-23
111,Alexis,MOBASHI,1963-02-03
112,Anaïs,BERGAMOTTI,1981-02-20
113,Chanté,MONLAURD,1976-01-08
114,Éloise,CANTARAL,1966-12-10
115,Zephyrine,KERNKE,1959-03-18
116,Evette,SAIDI ABDESSLEM,1983-04-10
117,Désirée,FEIGENBAUM,1980-12-21
118,Justine,EPLE,1981-02-15
119,Lambert,MARLABALISH,1977-09-28
120,Ermenegilde,JURECKA,1968-10-24
121,Denise,THLANG,1976-10-03
122,Cosette,DUQUE RODRIGUEZ,1967-08-05
123,Carole,RANIOLO,1971-01-22
124,François,MONNERAT MOREIRA,1976-04-04
125,Germaine,ROIG ARBONA,1962-02-25
126,Achille,BONOTTO,1972-07-02
127,Jeannine,WOHLFEIL,1959-05-06
128,Léonard,AIT AMROU,1962-08-11
129,Clothilde,RUISSON,1972-09-14
130,Ghislain,AUBAREDE,1960-03-27
131,Héloïse,HORVILLER,1969-04-24
132,Yves,DIOGO CARRAZEDO,1962-04-07
133,Maximilien,MESMARD,1959-06-06
134,Lisette,TOMBEUR,1975-05-29
135,Dianne,SINNAN,1975-01-23
136,Bastien,RUTHER,1962-06-07
137,Lambert,BELKHAOUDA,1969-05-09
138,Benjamine,LAFKAIHI,1971-09-09
139,Rémy,DUBLED,1977-07-02
140,Nazaire,SOUBIRAIL,1961-10-20
141,Juste,SIMAO COSTA,1958-06-13
142,Augustin,MARTILDO,1971-08-17
143,Félicie,PENA JIMENEZ,1968-11-29
144,Gilbert,POUGES,1983-02-09
145,Marcelle,KORTBI,1961-08-04
146,Josée,DESGOURDES,1976-06-19
147,Laurence,DE LAFORCADE,1964-02-23
148,Emmanuel,KRISKA,1968-04-09
149,Theirn,ORREGO VALLEJO,1963-06-02
150,Florian,GLAUDAS,1960-01-01
151,Ermenegilde,KESTENAR,1975-10-01
152,Colette,MERWALD,1965-08-16
153,Jacinthe,MILPIED,1962-08-10
154,Dennis,CELLIERES,1964-08-18
155,Fernande,AKEN ANYANGKEN,1969-10-16
156,Rosemonde,FORTIN MEZURAT,1977-05-24
157,Isabel,RENGEARD,1961-10-24
158,Dion,WARNON,1965-10-19
159,Valère,BELGODERE DE BAGNAJA,1959-10-04
160,Cosette,GOUSSOPOULOS,1975-01-16
161,Toinette,NGUYEN KHOA,1964-12-07
162,Rose,MARRAN,1963-03-11
163,Aude,ZAKE,1977-07-19
164,Dion,NICHENACHE,1964-12-15
165,Bernard,DOULGEROGLOU,1965-05-23
